Source,Pair,Volume (24h)(in $)
Bittrex,107,190856927
Poloniex,36,71916319
Binance,22,79696811
HitBTC,16,78831719
Bitfinex,13,128490945
Kraken,13,46093304
Liqui,12,8665081
Livecoin,10,13108140
Bit-Z,9,11620933
Tidex,8,7747922
Quoine,8,36006133
WEX,7,26481814
Exmo,7,3376852
CoinExchange,7,6988057
xBTCe,6,2726409
YoBit,6,14770077
LakeBTC,5,14391957
GDAX,5,50153635
Novaexchange,5,1468787
Bitstamp,5,50894953
